id,ipAddress,userAgent,referer,pathname,timestamp,gpsLat,gpsLng,durationSec
"450012","173.194.92.184","Mozilla/5.0 (Windows NT 10.0; Win64; x64) AppleWebKit/537.36 (KHTML, like Gecko) Chrome/144.0.0.0 Safari/537.36","https://kfj5u7ajha-fcroclcwiq-uk.a.run.app/","/","Sat Feb 28 2026 02:29:28 GMT-0500 (Eastern Standard Time)",,,
"450013","74.125.184.176","Mozilla/5.0 (Windows NT 10.0; Win64; x64) AppleWebKit/537.36 (KHTML, like Gecko) Chrome/145.0.0.0 Safari/537.36","https://kfj5u7ajha-fcroclcwiq-uk.a.run.app/","/","Sat Feb 28 2026 02:29:28 GMT-0500 (Eastern Standard Time)",,,
"510023","172.253.192.125","Mozilla/5.0 (Windows NT 10.0; Win64; x64) AppleWebKit/537.36 (KHTML, like Gecko) Chrome/144.0.0.0 Safari/537.36","https://urm3qdc4ef-lukjtsmehq-uk.a.run.app/","/","Sat Feb 28 2026 18:22:43 GMT-0500 (Eastern Standard Time)",,,
"510024","172.253.234.214","Mozilla/5.0 (Windows NT 10.0; Win64; x64) AppleWebKit/537.36 (KHTML, like Gecko) Chrome/144.0.0.0 Safari/537.36","https://urm3qdc4ef-lukjtsmehq-uk.a.run.app/","/","Sat Feb 28 2026 18:22:43 GMT-0500 (Eastern Standard Time)",,,
"510029","74.125.19.40","Mozilla/5.0 (Windows NT 10.0; Win64; x64) AppleWebKit/537.36 (KHTML, like Gecko) Chrome/144.0.0.0 Safari/537.36","https://mnyr2sahuy-bvl4kwrqta-uk.a.run.app/","/","Sat Feb 28 2026 18:27:07 GMT-0500 (Eastern Standard Time)",,,
"510030","172.253.216.53","Mozilla/5.0 (Windows NT 10.0; Win64; x64) AppleWebKit/537.36 (KHTML, like Gecko) Chrome/144.0.0.0 Safari/537.36","https://mnyr2sahuy-bvl4kwrqta-uk.a.run.app/","/","Sat Feb 28 2026 18:27:07 GMT-0500 (Eastern Standard Time)",,,
"510049","172.253.15.239","Mozilla/5.0 (Windows NT 10.0; Win64; x64) AppleWebKit/537.36 (KHTML, like Gecko) Chrome/144.0.0.0 Safari/537.36","https://sxm4dofgfy-mriwb4vhrq-uk.a.run.app/","/","Sat Feb 28 2026 18:50:17 GMT-0500 (Eastern Standard Time)",,,
"510050","173.194.92.185","Mozilla/5.0 (Windows NT 10.0; Win64; x64) AppleWebKit/537.36 (KHTML, like Gecko) Chrome/144.0.0.0 Safari/537.36","https://sxm4dofgfy-mriwb4vhrq-uk.a.run.app/","/","Sat Feb 28 2026 18:50:17 GMT-0500 (Eastern Standard Time)",,,
"1500025","74.125.184.186","Mozilla/5.0 (Windows NT 10.0; Win64; x64) AppleWebKit/537.36 (KHTML, like Gecko) Chrome/144.0.0.0 Safari/537.36","https://twnvwln6r2-vrjd5ndd4a-uk.a.run.app/","/","Tue Mar 03 2026 01:14:57 GMT-0500 (Eastern Standard Time)",,,
"1500026","173.194.92.184","Mozilla/5.0 (Windows NT 10.0; Win64; x64) AppleWebKit/537.36 (KHTML, like Gecko) Chrome/144.0.0.0 Safari/537.36","https://twnvwln6r2-vrjd5ndd4a-uk.a.run.app/","/","Tue Mar 03 2026 01:14:57 GMT-0500 (Eastern Standard Time)",,,
"1500045","172.253.234.246","Mozilla/5.0 (Windows NT 10.0; Win64; x64) AppleWebKit/537.36 (KHTML, like Gecko) Chrome/145.0.0.0 Safari/537.36","https://sd3f5tfbeu-yv473fg3kq-uk.a.run.app/","/","Tue Mar 03 2026 01:38:16 GMT-0500 (Eastern Standard Time)",,,
"1500046","172.253.192.247","Mozilla/5.0 (Windows NT 10.0; Win64; x64) AppleWebKit/537.36 (KHTML, like Gecko) Chrome/145.0.0.0 Safari/537.36","https://sd3f5tfbeu-yv473fg3kq-uk.a.run.app/","/","Tue Mar 03 2026 01:38:16 GMT-0500 (Eastern Standard Time)",,,
"1530006","172.253.15.233","Mozilla/5.0 (Windows NT 10.0; Win64; x64) AppleWebKit/537.36 (KHTML, like Gecko) Chrome/144.0.0.0 Safari/537.36","https://equgclaa2z-s6yap66r5q-uk.a.run.app/","/","Tue Mar 03 2026 02:20:18 GMT-0500 (Eastern Standard Time)",,,
"1530007","172.253.234.242","Mozilla/5.0 (Windows NT 10.0; Win64; x64) AppleWebKit/537.36 (KHTML, like Gecko) Chrome/144.0.0.0 Safari/537.36","https://equgclaa2z-s6yap66r5q-uk.a.run.app/","/","Tue Mar 03 2026 02:20:18 GMT-0500 (Eastern Standard Time)",,,
"1530012","172.253.15.227","Mozilla/5.0 (Windows NT 10.0; Win64; x64) AppleWebKit/537.36 (KHTML, like Gecko) Chrome/144.0.0.0 Safari/537.36","https://x7klcz4p4d-zhetotnvvq-uk.a.run.app/","/","Tue Mar 03 2026 02:30:08 GMT-0500 (Eastern Standard Time)",,,
"1530013","172.253.15.237","Mozilla/5.0 (Windows NT 10.0; Win64; x64) AppleWebKit/537.36 (KHTML, like Gecko) Chrome/143.0.0.0 Safari/537.36","https://x7klcz4p4d-zhetotnvvq-uk.a.run.app/","/","Tue Mar 03 2026 02:30:08 GMT-0500 (Eastern Standard Time)",,,
"1560006","173.194.92.181","Mozilla/5.0 (Windows NT 10.0; Win64; x64) AppleWebKit/537.36 (KHTML, like Gecko) Chrome/144.0.0.0 Safari/537.36","https://f442leocks-ckohe5m57a-uk.a.run.app/","/","Tue Mar 03 2026 03:21:14 GMT-0500 (Eastern Standard Time)",,,
"1560007","172.253.192.255","Mozilla/5.0 (Windows NT 10.0; Win64; x64) AppleWebKit/537.36 (KHTML, like Gecko) Chrome/144.0.0.0 Safari/537.36","https://f442leocks-ckohe5m57a-uk.a.run.app/","/","Tue Mar 03 2026 03:21:14 GMT-0500 (Eastern Standard Time)",,,
"1620006","74.125.19.33","Mozilla/5.0 (Windows NT 10.0; Win64; x64) AppleWebKit/537.36 (KHTML, like Gecko) Chrome/144.0.0.0 Safari/537.36","https://alkfrkd5fv-zdbdhjzybq-uk.a.run.app/","/","Tue Mar 03 2026 05:49:37 GMT-0500 (Eastern Standard Time)",,,
"1620007","173.194.92.179","Mozilla/5.0 (Windows NT 10.0; Win64; x64) AppleWebKit/537.36 (KHTML, like Gecko) Chrome/144.0.0.0 Safari/537.36","https://alkfrkd5fv-zdbdhjzybq-uk.a.run.app/","/","Tue Mar 03 2026 05:49:37 GMT-0500 (Eastern Standard Time)",,,
"1650002","173.194.92.185","Mozilla/5.0 (Windows NT 10.0; Win64; x64) AppleWebKit/537.36 (KHTML, like Gecko) Chrome/144.0.0.0 Safari/537.36","https://is5mw2eoqu-lse6rgxgka-uk.a.run.app/","/","Tue Mar 03 2026 06:22:55 GMT-0500 (Eastern Standard Time)",,,
"1650003","172.253.216.53","Mozilla/5.0 (Windows NT 10.0; Win64; x64) AppleWebKit/537.36 (KHTML, like Gecko) Chrome/144.0.0.0 Safari/537.36","https://is5mw2eoqu-lse6rgxgka-uk.a.run.app/","/","Tue Mar 03 2026 06:22:58 GMT-0500 (Eastern Standard Time)",,,
"1920002","172.253.234.209","Mozilla/5.0 (Windows NT 10.0; Win64; x64) AppleWebKit/537.36 (KHTML, like Gecko) Chrome/144.0.0.0 Safari/537.36","https://kkbasl5zbd-tjirryvc7a-uk.a.run.app/","/","Tue Mar 03 2026 18:58:02 GMT-0500 (Eastern Standard Time)",,,
"1920003","172.253.15.229","Mozilla/5.0 (Windows NT 10.0; Win64; x64) AppleWebKit/537.36 (KHTML, like Gecko) Chrome/144.0.0.0 Safari/537.36","https://kkbasl5zbd-tjirryvc7a-uk.a.run.app/","/","Tue Mar 03 2026 18:58:02 GMT-0500 (Eastern Standard Time)",,,
"2160006","172.253.192.253","Mozilla/5.0 (Windows NT 10.0; Win64; x64) AppleWebKit/537.36 (KHTML, like Gecko) Chrome/145.0.0.0 Safari/537.36","https://j4ahakadnm-e62w26jf6a-uk.a.run.app/","/","Wed Mar 04 2026 04:03:17 GMT-0500 (Eastern Standard Time)",,,
"2160007","173.194.92.181","Mozilla/5.0 (Windows NT 10.0; Win64; x64) AppleWebKit/537.36 (KHTML, like Gecko) Chrome/144.0.0.0 Safari/537.36","https://j4ahakadnm-e62w26jf6a-uk.a.run.app/","/","Wed Mar 04 2026 04:03:17 GMT-0500 (Eastern Standard Time)",,,
"2220003","172.253.216.48","Mozilla/5.0 (Windows NT 10.0; Win64; x64) AppleWebKit/537.36 (KHTML, like Gecko) Chrome/144.0.0.0 Safari/537.36","https://ubm4j6dn5l-kiqqddo5jq-uk.a.run.app/","/","Wed Mar 04 2026 07:45:26 GMT-0500 (Eastern Standard Time)",,,
"2220004","172.253.216.51","Mozilla/5.0 (Windows NT 10.0; Win64; x64) AppleWebKit/537.36 (KHTML, like Gecko) Chrome/144.0.0.0 Safari/537.36","https://ubm4j6dn5l-kiqqddo5jq-uk.a.run.app/","/","Wed Mar 04 2026 07:45:26 GMT-0500 (Eastern Standard Time)",,,
"2220006","172.253.192.127","Mozilla/5.0 (Windows NT 10.0; Win64; x64) AppleWebKit/537.36 (KHTML, like Gecko) Chrome/144.0.0.0 Safari/537.36","https://x2lzy5yhks-qshp7j4mrq-uk.a.run.app/","/","Wed Mar 04 2026 07:57:07 GMT-0500 (Eastern Standard Time)",,,
"2220007","173.194.92.180","Mozilla/5.0 (Windows NT 10.0; Win64; x64) AppleWebKit/537.36 (KHTML, like Gecko) Chrome/142.0.0.0 Safari/537.36","https://x2lzy5yhks-qshp7j4mrq-uk.a.run.app/","/","Wed Mar 04 2026 07:57:07 GMT-0500 (Eastern Standard Time)",,,
"2220009","172.253.15.225","Mozilla/5.0 (Windows NT 10.0; Win64; x64) AppleWebKit/537.36 (KHTML, like Gecko) Chrome/144.0.0.0 Safari/537.36","https://pxo4renrig-tjirryvc7a-uk.a.run.app/","/","Wed Mar 04 2026 08:03:52 GMT-0500 (Eastern Standard Time)",,,
"2220010","173.194.92.182","Mozilla/5.0 (Windows NT 10.0; Win64; x64) AppleWebKit/537.36 (KHTML, like Gecko) Chrome/144.0.0.0 Safari/537.36","https://pxo4renrig-tjirryvc7a-uk.a.run.app/","/","Wed Mar 04 2026 08:03:52 GMT-0500 (Eastern Standard Time)",,,
"2250006","172.253.15.227","Mozilla/5.0 (Windows NT 10.0; Win64; x64) AppleWebKit/537.36 (KHTML, like Gecko) Chrome/144.0.0.0 Safari/537.36","https://pje5pqbhw5-5gyyo3nkpq-uk.a.run.app/","/","Wed Mar 04 2026 08:37:54 GMT-0500 (Eastern Standard Time)",,,
"2250007","173.194.92.184","Mozilla/5.0 (Windows NT 10.0; Win64; x64) AppleWebKit/537.36 (KHTML, like Gecko) Chrome/144.0.0.0 Safari/537.36","https://pje5pqbhw5-5gyyo3nkpq-uk.a.run.app/","/","Wed Mar 04 2026 08:37:54 GMT-0500 (Eastern Standard Time)",,,
"2250009","172.253.192.254","Mozilla/5.0 (Windows NT 10.0; Win64; x64) AppleWebKit/537.36 (KHTML, like Gecko) Chrome/145.0.0.0 Safari/537.36","https://s4ktskabog-jikh4a7u4q-uk.a.run.app/","/","Wed Mar 04 2026 08:48:22 GMT-0500 (Eastern Standard Time)",,,
"2250010","172.253.216.49","Mozilla/5.0 (Windows NT 10.0; Win64; x64) AppleWebKit/537.36 (KHTML, like Gecko) Chrome/144.0.0.0 Safari/537.36","https://s4ktskabog-jikh4a7u4q-uk.a.run.app/","/","Wed Mar 04 2026 08:48:22 GMT-0500 (Eastern Standard Time)",,,
"2250013","172.253.192.248","Mozilla/5.0 (Windows NT 10.0; Win64; x64) AppleWebKit/537.36 (KHTML, like Gecko) Chrome/144.0.0.0 Safari/537.36","https://seiv7v2ekx-ogqv4nhlpq-uk.a.run.app/","/","Wed Mar 04 2026 08:58:58 GMT-0500 (Eastern Standard Time)",,,
"2250014","172.253.216.50","Mozilla/5.0 (Windows NT 10.0; Win64; x64) AppleWebKit/537.36 (KHTML, like Gecko) Chrome/144.0.0.0 Safari/537.36","https://seiv7v2ekx-ogqv4nhlpq-uk.a.run.app/","/","Wed Mar 04 2026 08:58:58 GMT-0500 (Eastern Standard Time)",,,
"2250017","172.253.216.61","Mozilla/5.0 (Windows NT 10.0; Win64; x64) AppleWebKit/537.36 (KHTML, like Gecko) Chrome/145.0.0.0 Safari/537.36","https://qjgesh6qvy-v7d34cluoa-uk.a.run.app/","/","Wed Mar 04 2026 09:06:06 GMT-0500 (Eastern Standard Time)",,,
"2250018","74.125.184.177","Mozilla/5.0 (Windows NT 10.0; Win64; x64) AppleWebKit/537.36 (KHTML, like Gecko) Chrome/144.0.0.0 Safari/537.36","https://qjgesh6qvy-v7d34cluoa-uk.a.run.app/","/","Wed Mar 04 2026 09:06:06 GMT-0500 (Eastern Standard Time)",,,
"2280002","74.125.19.45","Mozilla/5.0 (Windows NT 10.0; Win64; x64) AppleWebKit/537.36 (KHTML, like Gecko) Chrome/144.0.0.0 Safari/537.36","https://bo4my7bf43-artaa62ewa-uk.a.run.app/","/","Wed Mar 04 2026 10:52:55 GMT-0500 (Eastern Standard Time)",,,
"2280003","172.253.15.228","Mozilla/5.0 (Windows NT 10.0; Win64; x64) AppleWebKit/537.36 (KHTML, like Gecko) Chrome/143.0.0.0 Safari/537.36","https://bo4my7bf43-artaa62ewa-uk.a.run.app/","/","Wed Mar 04 2026 10:52:55 GMT-0500 (Eastern Standard Time)",,,
"2280005","172.253.216.60","Mozilla/5.0 (Windows NT 10.0; Win64; x64) AppleWebKit/537.36 (KHTML, like Gecko) Chrome/143.0.0.0 Safari/537.36","https://clsirp6tr5-27w365mmfa-uk.a.run.app/","/","Wed Mar 04 2026 10:58:29 GMT-0500 (Eastern Standard Time)",,,
"2280006","172.253.216.56","Mozilla/5.0 (Windows NT 10.0; Win64; x64) AppleWebKit/537.36 (KHTML, like Gecko) Chrome/144.0.0.0 Safari/537.36","https://clsirp6tr5-27w365mmfa-uk.a.run.app/","/","Wed Mar 04 2026 10:58:29 GMT-0500 (Eastern Standard Time)",,,
"2310002","74.125.184.177","Mozilla/5.0 (Windows NT 10.0; Win64; x64) AppleWebKit/537.36 (KHTML, like Gecko) Chrome/144.0.0.0 Safari/537.36","https://c53gmakd4y-t5ielzpyya-uk.a.run.app/","/","Wed Mar 04 2026 11:28:36 GMT-0500 (Eastern Standard Time)",,,
"2310003","173.194.92.185","Mozilla/5.0 (Windows NT 10.0; Win64; x64) AppleWebKit/537.36 (KHTML, like Gecko) Chrome/144.0.0.0 Safari/537.36","https://c53gmakd4y-t5ielzpyya-uk.a.run.app/","/","Wed Mar 04 2026 11:28:36 GMT-0500 (Eastern Standard Time)",,,
"2370002","172.253.192.240","Mozilla/5.0 (Windows NT 10.0; Win64; x64) AppleWebKit/537.36 (KHTML, like Gecko) Chrome/140.0.0.0 Safari/537.36","https://b3izscatwx-xk3ht2xctq-uk.a.run.app/","/","Wed Mar 04 2026 12:28:44 GMT-0500 (Eastern Standard Time)",,,
"2370003","172.253.216.63","Mozilla/5.0 (Windows NT 10.0; Win64; x64) AppleWebKit/537.36 (KHTML, like Gecko) Chrome/144.0.0.0 Safari/537.36","https://b3izscatwx-xk3ht2xctq-uk.a.run.app/","/","Wed Mar 04 2026 12:28:45 GMT-0500 (Eastern Standard Time)",,,
"2490002","172.253.216.49","Mozilla/5.0 (Windows NT 10.0; Win64; x64) AppleWebKit/537.36 (KHTML, like Gecko) Chrome/144.0.0.0 Safari/537.36","https://jrhapswin3-ig5w3g2llq-uk.a.run.app/","/","Thu Mar 05 2026 00:36:48 GMT-0500 (Eastern Standard Time)",,,
"2490003","173.194.92.183","Mozilla/5.0 (Windows NT 10.0; Win64; x64) AppleWebKit/537.36 (KHTML, like Gecko) Chrome/144.0.0.0 Safari/537.36","https://jrhapswin3-ig5w3g2llq-uk.a.run.app/","/","Thu Mar 05 2026 00:36:48 GMT-0500 (Eastern Standard Time)",,,
"2490006","172.253.234.214","Mozilla/5.0 (Windows NT 10.0; Win64; x64) AppleWebKit/537.36 (KHTML, like Gecko) Chrome/143.0.0.0 Safari/537.36","https://vto2zl2owb-flcve4dqza-uk.a.run.app/","/","Thu Mar 05 2026 00:50:36 GMT-0500 (Eastern Standard Time)",,,
"2490007","173.194.92.179","Mozilla/5.0 (Windows NT 10.0; Win64; x64) AppleWebKit/537.36 (KHTML, like Gecko) Chrome/144.0.0.0 Safari/537.36","https://vto2zl2owb-flcve4dqza-uk.a.run.app/","/","Thu Mar 05 2026 00:50:36 GMT-0500 (Eastern Standard Time)",,,
"2520002","173.194.92.183","Mozilla/5.0 (Windows NT 10.0; Win64; x64) AppleWebKit/537.36 (KHTML, like Gecko) Chrome/144.0.0.0 Safari/537.36","https://q3h4kxjtmk-mjoqf4jocq-uk.a.run.app/","/","Thu Mar 05 2026 01:07:11 GMT-0500 (Eastern Standard Time)",,,
"2520003","173.194.92.184","Mozilla/5.0 (Windows NT 10.0; Win64; x64) AppleWebKit/537.36 (KHTML, like Gecko) Chrome/144.0.0.0 Safari/537.36","https://q3h4kxjtmk-mjoqf4jocq-uk.a.run.app/","/","Thu Mar 05 2026 01:07:11 GMT-0500 (Eastern Standard Time)",,,
"2520005","172.253.216.55","Mozilla/5.0 (Windows NT 10.0; Win64; x64) AppleWebKit/537.36 (KHTML, like Gecko) Chrome/144.0.0.0 Safari/537.36","https://k3e34kezsd-h2dssgezsq-uk.a.run.app/","/","Thu Mar 05 2026 01:16:51 GMT-0500 (Eastern Standard Time)",,,
"2520006","173.194.92.185","Mozilla/5.0 (Windows NT 10.0; Win64; x64) AppleWebKit/537.36 (KHTML, like Gecko) Chrome/145.0.0.0 Safari/537.36","https://k3e34kezsd-h2dssgezsq-uk.a.run.app/","/","Thu Mar 05 2026 01:16:51 GMT-0500 (Eastern Standard Time)",,,
"2520008","172.253.15.239","Mozilla/5.0 (Windows NT 10.0; Win64; x64) AppleWebKit/537.36 (KHTML, like Gecko) Chrome/144.0.0.0 Safari/537.36","https://qsczcwr4fe-4bex6wpwiq-uk.a.run.app/","/","Thu Mar 05 2026 01:19:40 GMT-0500 (Eastern Standard Time)",,,
"2520009","172.253.192.250","Mozilla/5.0 (Windows NT 10.0; Win64; x64) AppleWebKit/537.36 (KHTML, like Gecko) Chrome/145.0.0.0 Safari/537.36","https://qsczcwr4fe-4bex6wpwiq-uk.a.run.app/","/","Thu Mar 05 2026 01:19:40 GMT-0500 (Eastern Standard Time)",,,
"2580004","172.253.216.52","Mozilla/5.0 (Windows NT 10.0; Win64; x64) AppleWebKit/537.36 (KHTML, like Gecko) Chrome/145.0.0.0 Safari/537.36","https://xwgmukm3q7-jfvuuq7anq-uk.a.run.app/","/","Thu Mar 05 2026 09:03:30 GMT-0500 (Eastern Standard Time)",,,
"2580005","173.194.92.179","Mozilla/5.0 (Windows NT 10.0; Win64; x64) AppleWebKit/537.36 (KHTML, like Gecko) Chrome/144.0.0.0 Safari/537.36","https://xwgmukm3q7-jfvuuq7anq-uk.a.run.app/","/","Thu Mar 05 2026 09:03:30 GMT-0500 (Eastern Standard Time)",,,
"2580007","172.253.15.227","Mozilla/5.0 (Windows NT 10.0; Win64; x64) AppleWebKit/537.36 (KHTML, like Gecko) Chrome/145.0.0.0 Safari/537.36","https://zlijnj4frc-c7ncnfc45q-uk.a.run.app/","/","Thu Mar 05 2026 09:11:41 GMT-0500 (Eastern Standard Time)",,,
"2580008","172.253.192.125","Mozilla/5.0 (Windows NT 10.0; Win64; x64) AppleWebKit/537.36 (KHTML, like Gecko) Chrome/144.0.0.0 Safari/537.36","https://zlijnj4frc-c7ncnfc45q-uk.a.run.app/","/","Thu Mar 05 2026 09:11:41 GMT-0500 (Eastern Standard Time)",,,
"2580010","172.253.15.233","Mozilla/5.0 (Windows NT 10.0; Win64; x64) AppleWebKit/537.36 (KHTML, like Gecko) Chrome/144.0.0.0 Safari/537.36","https://jms4zp5imc-jxrxtcj7oa-uk.a.run.app/","/","Thu Mar 05 2026 09:17:15 GMT-0500 (Eastern Standard Time)",,,
"2580011","172.253.15.237","Mozilla/5.0 (Windows NT 10.0; Win64; x64) AppleWebKit/537.36 (KHTML, like Gecko) Chrome/145.0.0.0 Safari/537.36","https://jms4zp5imc-jxrxtcj7oa-uk.a.run.app/","/","Thu Mar 05 2026 09:17:15 GMT-0500 (Eastern Standard Time)",,,
"2610002","172.253.15.238","Mozilla/5.0 (Windows NT 10.0; Win64; x64) AppleWebKit/537.36 (KHTML, like Gecko) Chrome/144.0.0.0 Safari/537.36","https://gtllvf357c-2nldgddioq-uk.a.run.app/","/","Thu Mar 05 2026 09:45:45 GMT-0500 (Eastern Standard Time)",,,
"2610003","173.194.92.180","Mozilla/5.0 (Windows NT 10.0; Win64; x64) AppleWebKit/537.36 (KHTML, like Gecko) Chrome/145.0.0.0 Safari/537.36","https://gtllvf357c-2nldgddioq-uk.a.run.app/","/","Thu Mar 05 2026 09:45:45 GMT-0500 (Eastern Standard Time)",,,
"2610005","172.253.234.212","Mozilla/5.0 (Windows NT 10.0; Win64; x64) AppleWebKit/537.36 (KHTML, like Gecko) Chrome/144.0.0.0 Safari/537.36","https://gkxrkxdkc7-iewhfqc4ua-uk.a.run.app/","/","Thu Mar 05 2026 09:57:35 GMT-0500 (Eastern Standard Time)",,,
"2610006","173.194.92.181","Mozilla/5.0 (Windows NT 10.0; Win64; x64) AppleWebKit/537.36 (KHTML, like Gecko) Chrome/144.0.0.0 Safari/537.36","https://gkxrkxdkc7-iewhfqc4ua-uk.a.run.app/","/","Thu Mar 05 2026 09:57:35 GMT-0500 (Eastern Standard Time)",,,
"2670002","173.194.92.179","Mozilla/5.0 (Windows NT 10.0; Win64; x64) AppleWebKit/537.36 (KHTML, like Gecko) Chrome/144.0.0.0 Safari/537.36","https://d6icvj2zgs-dxy7s2jayq-uk.a.run.app/","/","Thu Mar 05 2026 21:09:54 GMT-0500 (Eastern Standard Time)",,,
"2670003","172.253.192.118","Mozilla/5.0 (Windows NT 10.0; Win64; x64) AppleWebKit/537.36 (KHTML, like Gecko) Chrome/143.0.0.0 Safari/537.36","https://d6icvj2zgs-dxy7s2jayq-uk.a.run.app/","/","Thu Mar 05 2026 21:09:54 GMT-0500 (Eastern Standard Time)",,,
"2670005","172.253.15.234","Mozilla/5.0 (Windows NT 10.0; Win64; x64) AppleWebKit/537.36 (KHTML, like Gecko) Chrome/144.0.0.0 Safari/537.36","https://prq5ndv252-xjbubvroaq-uk.a.run.app/","/","Thu Mar 05 2026 21:23:04 GMT-0500 (Eastern Standard Time)",,,
"2670006","172.253.216.60","Mozilla/5.0 (Windows NT 10.0; Win64; x64) AppleWebKit/537.36 (KHTML, like Gecko) Chrome/145.0.0.0 Safari/537.36","https://prq5ndv252-xjbubvroaq-uk.a.run.app/","/","Thu Mar 05 2026 21:23:04 GMT-0500 (Eastern Standard Time)",,,
"2670009","172.253.192.119","Mozilla/5.0 (Windows NT 10.0; Win64; x64) AppleWebKit/537.36 (KHTML, like Gecko) Chrome/145.0.0.0 Safari/537.36","https://b4rjemavok-fevxzt34wq-uk.a.run.app/","/","Thu Mar 05 2026 21:33:53 GMT-0500 (Eastern Standard Time)",,,
"2670010","173.194.92.185","Mozilla/5.0 (Windows NT 10.0; Win64; x64) AppleWebKit/537.36 (KHTML, like Gecko) Chrome/143.0.0.0 Safari/537.36","https://b4rjemavok-fevxzt34wq-uk.a.run.app/","/","Thu Mar 05 2026 21:33:53 GMT-0500 (Eastern Standard Time)",,,
"2670012","172.253.192.122","Mozilla/5.0 (Windows NT 10.0; Win64; x64) AppleWebKit/537.36 (KHTML, like Gecko) Chrome/144.0.0.0 Safari/537.36","https://cslif4ebab-f76xsqjeea-uk.a.run.app/","/","Thu Mar 05 2026 21:38:39 GMT-0500 (Eastern Standard Time)",,,
"2670013","172.253.216.52","Mozilla/5.0 (Windows NT 10.0; Win64; x64) AppleWebKit/537.36 (KHTML, like Gecko) Chrome/145.0.0.0 Safari/537.36","https://cslif4ebab-f76xsqjeea-uk.a.run.app/","/","Thu Mar 05 2026 21:38:40 GMT-0500 (Eastern Standard Time)",,,
"2670015","172.253.15.237","Mozilla/5.0 (Windows NT 10.0; Win64; x64) AppleWebKit/537.36 (KHTML, like Gecko) Chrome/143.0.0.0 Safari/537.36","https://m3bqhn77we-4a2anuqz4a-uk.a.run.app/","/","Thu Mar 05 2026 21:50:07 GMT-0500 (Eastern Standard Time)",,,
"2670016","172.253.192.124","Mozilla/5.0 (Windows NT 10.0; Win64; x64) AppleWebKit/537.36 (KHTML, like Gecko) Chrome/145.0.0.0 Safari/537.36","https://m3bqhn77we-4a2anuqz4a-uk.a.run.app/","/","Thu Mar 05 2026 21:50:07 GMT-0500 (Eastern Standard Time)",,,
"2670018","172.253.234.210","Mozilla/5.0 (Windows NT 10.0; Win64; x64) AppleWebKit/537.36 (KHTML, like Gecko) Chrome/143.0.0.0 Safari/537.36","https://jcw43qt6z6-5hhqeol7ha-uk.a.run.app/","/","Thu Mar 05 2026 22:10:52 GMT-0500 (Eastern Standard Time)",,,
"2670019","173.194.92.182","Mozilla/5.0 (Windows NT 10.0; Win64; x64) AppleWebKit/537.36 (KHTML, like Gecko) Chrome/145.0.0.0 Safari/537.36","https://jcw43qt6z6-5hhqeol7ha-uk.a.run.app/","/","Thu Mar 05 2026 22:10:52 GMT-0500 (Eastern Standard Time)",,,
"3780002","172.253.15.233","Mozilla/5.0 (Windows NT 10.0; Win64; x64) AppleWebKit/537.36 (KHTML, like Gecko) Chrome/144.0.0.0 Safari/537.36","https://fwi3b2aq7s-tpyqwyrpsq-uk.a.run.app/","/","Tue Mar 10 2026 08:48:56 GMT-0400 (Eastern Daylight Time)",,,
"3780003","173.194.92.179","Mozilla/5.0 (Windows NT 10.0; Win64; x64) AppleWebKit/537.36 (KHTML, like Gecko) Chrome/144.0.0.0 Safari/537.36","https://fwi3b2aq7s-tpyqwyrpsq-uk.a.run.app/","/","Tue Mar 10 2026 08:48:56 GMT-0400 (Eastern Daylight Time)",,,
"3780005","172.253.234.253","Mozilla/5.0 (Windows NT 10.0; Win64; x64) AppleWebKit/537.36 (KHTML, like Gecko) Chrome/143.0.0.0 Safari/537.36","https://spbl53da3a-iavlgy3hzq-uk.a.run.app/","/","Tue Mar 10 2026 08:56:17 GMT-0400 (Eastern Daylight Time)",,,
"3780006","74.125.19.34","Mozilla/5.0 (Windows NT 10.0; Win64; x64) AppleWebKit/537.36 (KHTML, like Gecko) Chrome/145.0.0.0 Safari/537.36","https://spbl53da3a-iavlgy3hzq-uk.a.run.app/","/","Tue Mar 10 2026 08:56:17 GMT-0400 (Eastern Daylight Time)",,,
"3780009","173.194.92.209","Mozilla/5.0 (Windows NT 10.0; Win64; x64) AppleWebKit/537.36 (KHTML, like Gecko) Chrome/144.0.0.0 Safari/537.36","https://g536mnpyvj-j7rvom3zoa-uk.a.run.app/","/","Tue Mar 10 2026 09:03:17 GMT-0400 (Eastern Daylight Time)",,,
"3780010","173.194.92.209","Mozilla/5.0 (Windows NT 10.0; Win64; x64) AppleWebKit/537.36 (KHTML, like Gecko) Chrome/145.0.0.0 Safari/537.36","https://g536mnpyvj-j7rvom3zoa-uk.a.run.app/","/","Tue Mar 10 2026 09:03:17 GMT-0400 (Eastern Daylight Time)",,,
"3780013","172.253.234.253","Mozilla/5.0 (Windows NT 10.0; Win64; x64) AppleWebKit/537.36 (KHTML, like Gecko) Chrome/144.0.0.0 Safari/537.36","https://l6kj3mq7nf-b5ptd3akxq-uk.a.run.app/","/","Tue Mar 10 2026 09:07:09 GMT-0400 (Eastern Daylight Time)",,,
"3780014","173.194.92.187","Mozilla/5.0 (Windows NT 10.0; Win64; x64) AppleWebKit/537.36 (KHTML, like Gecko) Chrome/145.0.0.0 Safari/537.36","https://l6kj3mq7nf-b5ptd3akxq-uk.a.run.app/","/","Tue Mar 10 2026 09:07:09 GMT-0400 (Eastern Daylight Time)",,,
"3780016","172.253.15.236","Mozilla/5.0 (Windows NT 10.0; Win64; x64) AppleWebKit/537.36 (KHTML, like Gecko) Chrome/143.0.0.0 Safari/537.36","https://tjp5yz36s5-bl7jmefpha-uk.a.run.app/","/","Tue Mar 10 2026 09:20:25 GMT-0400 (Eastern Daylight Time)",,,
"3780017","172.253.15.224","Mozilla/5.0 (Windows NT 10.0; Win64; x64) AppleWebKit/537.36 (KHTML, like Gecko) Chrome/144.0.0.0 Safari/537.36","https://tjp5yz36s5-bl7jmefpha-uk.a.run.app/","/","Tue Mar 10 2026 09:20:25 GMT-0400 (Eastern Daylight Time)",,,
"3780020","172.253.216.63","Mozilla/5.0 (Windows NT 10.0; Win64; x64) AppleWebKit/537.36 (KHTML, like Gecko) Chrome/145.0.0.0 Safari/537.36","https://ujx2q4ofjv-wj7xwxdmrq-uk.a.run.app/","/","Tue Mar 10 2026 09:24:45 GMT-0400 (Eastern Daylight Time)",,,
"3780021","172.253.192.247","Mozilla/5.0 (Windows NT 10.0; Win64; x64) AppleWebKit/537.36 (KHTML, like Gecko) Chrome/145.0.0.0 Safari/537.36","https://ujx2q4ofjv-wj7xwxdmrq-uk.a.run.app/","/","Tue Mar 10 2026 09:24:45 GMT-0400 (Eastern Daylight Time)",,,
"3780023","173.194.92.179","Mozilla/5.0 (Windows NT 10.0; Win64; x64) AppleWebKit/537.36 (KHTML, like Gecko) Chrome/145.0.0.0 Safari/537.36","https://bzekho7cjx-ltjaipauoa-uk.a.run.app/","/","Tue Mar 10 2026 09:31:15 GMT-0400 (Eastern Daylight Time)",,,
"3780024","172.253.216.54","Mozilla/5.0 (Windows NT 10.0; Win64; x64) AppleWebKit/537.36 (KHTML, like Gecko) Chrome/144.0.0.0 Safari/537.36","https://bzekho7cjx-ltjaipauoa-uk.a.run.app/","/","Tue Mar 10 2026 09:31:15 GMT-0400 (Eastern Daylight Time)",,,
"3780029","172.253.216.49","Mozilla/5.0 (Windows NT 10.0; Win64; x64) AppleWebKit/537.36 (KHTML, like Gecko) Chrome/143.0.0.0 Safari/537.36","https://ftb6wfjyrx-dopdllllrq-uk.a.run.app/","/","Tue Mar 10 2026 09:45:14 GMT-0400 (Eastern Daylight Time)",,,
"3780030","172.253.15.237","Mozilla/5.0 (Windows NT 10.0; Win64; x64) AppleWebKit/537.36 (KHTML, like Gecko) Chrome/145.0.0.0 Safari/537.36","https://ftb6wfjyrx-dopdllllrq-uk.a.run.app/","/","Tue Mar 10 2026 09:45:14 GMT-0400 (Eastern Daylight Time)",,,
"3780032","172.253.216.59","Mozilla/5.0 (Windows NT 10.0; Win64; x64) AppleWebKit/537.36 (KHTML, like Gecko) Chrome/140.0.0.0 Safari/537.36","https://br3wvni2vt-y5k4lpqx7a-uk.a.run.app/","/","Tue Mar 10 2026 09:52:23 GMT-0400 (Eastern Daylight Time)",,,
"3780033","173.194.92.181","Mozilla/5.0 (Windows NT 10.0; Win64; x64) AppleWebKit/537.36 (KHTML, like Gecko) Chrome/145.0.0.0 Safari/537.36","https://br3wvni2vt-y5k4lpqx7a-uk.a.run.app/","/","Tue Mar 10 2026 09:52:23 GMT-0400 (Eastern Daylight Time)",,,
"3780035","173.194.92.181","Mozilla/5.0 (Windows NT 10.0; Win64; x64) AppleWebKit/537.36 (KHTML, like Gecko) Chrome/144.0.0.0 Safari/537.36","https://nvokjraxii-jx5374j77a-uk.a.run.app/","/","Tue Mar 10 2026 09:57:58 GMT-0400 (Eastern Daylight Time)",,,
"3780036","173.194.92.177","Mozilla/5.0 (Windows NT 10.0; Win64; x64) AppleWebKit/537.36 (KHTML, like Gecko) Chrome/145.0.0.0 Safari/537.36","https://nvokjraxii-jx5374j77a-uk.a.run.app/","/","Tue Mar 10 2026 09:57:58 GMT-0400 (Eastern Daylight Time)",,,
"3780040","172.253.192.251","Mozilla/5.0 (Windows NT 10.0; Win64; x64) AppleWebKit/537.36 (KHTML, like Gecko) Chrome/145.0.0.0 Safari/537.36","https://felq4xrlx5-b7msps43eq-uk.a.run.app/","/","Tue Mar 10 2026 10:07:59 GMT-0400 (Eastern Daylight Time)",,,
"3780041","173.194.92.209","Mozilla/5.0 (Windows NT 10.0; Win64; x64) AppleWebKit/537.36 (KHTML, like Gecko) Chrome/144.0.0.0 Safari/537.36","https://felq4xrlx5-b7msps43eq-uk.a.run.app/","/","Tue Mar 10 2026 10:07:59 GMT-0400 (Eastern Daylight Time)",,,
"3780045","172.253.15.238","Mozilla/5.0 (Windows NT 10.0; Win64; x64) AppleWebKit/537.36 (KHTML, like Gecko) Chrome/145.0.0.0 Safari/537.36","https://npyz2dop4t-4kklrzenva-uk.a.run.app/","/","Tue Mar 10 2026 10:52:49 GMT-0400 (Eastern Daylight Time)",,,
"3780046","173.194.92.182","Mozilla/5.0 (Windows NT 10.0; Win64; x64) AppleWebKit/537.36 (KHTML, like Gecko) Chrome/143.0.0.0 Safari/537.36","https://npyz2dop4t-4kklrzenva-uk.a.run.app/","/","Tue Mar 10 2026 10:52:50 GMT-0400 (Eastern Daylight Time)",,,
"3780048","172.253.15.227","Mozilla/5.0 (Windows NT 10.0; Win64; x64) AppleWebKit/537.36 (KHTML, like Gecko) Chrome/142.0.0.0 Safari/537.36","https://xmfzbvplrt-rpy23trojq-uk.a.run.app/","/","Tue Mar 10 2026 11:02:47 GMT-0400 (Eastern Daylight Time)",,,
"3780049","172.253.15.232","Mozilla/5.0 (Windows NT 10.0; Win64; x64) AppleWebKit/537.36 (KHTML, like Gecko) Chrome/144.0.0.0 Safari/537.36","https://xmfzbvplrt-rpy23trojq-uk.a.run.app/","/","Tue Mar 10 2026 11:02:47 GMT-0400 (Eastern Daylight Time)",,,
"3780052","172.253.15.238","Mozilla/5.0 (Windows NT 10.0; Win64; x64) AppleWebKit/537.36 (KHTML, like Gecko) Chrome/141.0.0.0 Safari/537.36","https://plpfp23x5e-kdba7jdv5q-uk.a.run.app/","/","Tue Mar 10 2026 11:25:28 GMT-0400 (Eastern Daylight Time)",,,
"3780053","173.194.92.188","Mozilla/5.0 (Windows NT 10.0; Win64; x64) AppleWebKit/537.36 (KHTML, like Gecko) Chrome/144.0.0.0 Safari/537.36","https://plpfp23x5e-kdba7jdv5q-uk.a.run.app/","/","Tue Mar 10 2026 11:25:28 GMT-0400 (Eastern Daylight Time)",,,
"3780055","173.194.92.179","Mozilla/5.0 (Windows NT 10.0; Win64; x64) AppleWebKit/537.36 (KHTML, like Gecko) Chrome/145.0.0.0 Safari/537.36","https://y6ydv5oic4-ci5d6dfkoa-uk.a.run.app/","/","Tue Mar 10 2026 12:00:18 GMT-0400 (Eastern Daylight Time)",,,
"3780056","173.194.92.176","Mozilla/5.0 (Windows NT 10.0; Win64; x64) AppleWebKit/537.36 (KHTML, like Gecko) Chrome/141.0.0.0 Safari/537.36","https://y6ydv5oic4-ci5d6dfkoa-uk.a.run.app/","/","Tue Mar 10 2026 12:00:18 GMT-0400 (Eastern Daylight Time)",,,
"3780060","172.253.15.235","Mozilla/5.0 (Windows NT 10.0; Win64; x64) AppleWebKit/537.36 (KHTML, like Gecko) Chrome/143.0.0.0 Safari/537.36","https://h2nxtnsnuu-3zcz6po72a-uk.a.run.app/","/","Tue Mar 10 2026 12:17:00 GMT-0400 (Eastern Daylight Time)",,,
"3780061","172.253.192.250","Mozilla/5.0 (Windows NT 10.0; Win64; x64) AppleWebKit/537.36 (KHTML, like Gecko) Chrome/145.0.0.0 Safari/537.36","https://h2nxtnsnuu-3zcz6po72a-uk.a.run.app/","/","Tue Mar 10 2026 12:17:00 GMT-0400 (Eastern Daylight Time)",,,
"3900004","172.253.7.121","Mozilla/5.0 (Windows NT 10.0; Win64; x64) AppleWebKit/537.36 (KHTML, like Gecko) Chrome/144.0.0.0 Safari/537.36","https://bclshge6m2-n3zf6y64va-uk.a.run.app/","/","Wed Mar 11 2026 02:03:00 GMT-0400 (Eastern Daylight Time)",,,
"3900005","172.253.15.227","Mozilla/5.0 (Windows NT 10.0; Win64; x64) AppleWebKit/537.36 (KHTML, like Gecko) Chrome/145.0.0.0 Safari/537.36","https://bclshge6m2-n3zf6y64va-uk.a.run.app/","/","Wed Mar 11 2026 02:03:00 GMT-0400 (Eastern Daylight Time)",,,
"3930002","172.253.192.114","Mozilla/5.0 (Windows NT 10.0; Win64; x64) AppleWebKit/537.36 (KHTML, like Gecko) Chrome/145.0.0.0 Safari/537.36","https://laq2ytifs7-trv5sfg4fq-uk.a.run.app/","/","Wed Mar 11 2026 02:34:50 GMT-0400 (Eastern Daylight Time)",,,
"3930003","172.253.15.227","Mozilla/5.0 (Windows NT 10.0; Win64; x64) AppleWebKit/537.36 (KHTML, like Gecko) Chrome/145.0.0.0 Safari/537.36","https://laq2ytifs7-trv5sfg4fq-uk.a.run.app/","/","Wed Mar 11 2026 02:34:50 GMT-0400 (Eastern Daylight Time)",,,
"3930005","172.253.234.251","Mozilla/5.0 (Windows NT 10.0; Win64; x64) AppleWebKit/537.36 (KHTML, like Gecko) Chrome/145.0.0.0 Safari/537.36","https://wsp7dmllgk-ifsgxbqibq-uk.a.run.app/","/","Wed Mar 11 2026 03:18:43 GMT-0400 (Eastern Daylight Time)",,,
"3930006","172.253.216.57","Mozilla/5.0 (Windows NT 10.0; Win64; x64) AppleWebKit/537.36 (KHTML, like Gecko) Chrome/145.0.0.0 Safari/537.36","https://wsp7dmllgk-ifsgxbqibq-uk.a.run.app/","/","Wed Mar 11 2026 03:18:43 GMT-0400 (Eastern Daylight Time)",,,
"3930008","172.253.192.118","Mozilla/5.0 (Windows NT 10.0; Win64; x64) AppleWebKit/537.36 (KHTML, like Gecko) Chrome/145.0.0.0 Safari/537.36","https://lgss2pyhuf-nvpbomnuua-uk.a.run.app/","/","Wed Mar 11 2026 03:22:34 GMT-0400 (Eastern Daylight Time)",,,
"3930009","172.253.192.113","Mozilla/5.0 (Windows NT 10.0; Win64; x64) AppleWebKit/537.36 (KHTML, like Gecko) Chrome/145.0.0.0 Safari/537.36","https://lgss2pyhuf-nvpbomnuua-uk.a.run.app/","/","Wed Mar 11 2026 03:22:34 GMT-0400 (Eastern Daylight Time)",,,
"3930011","172.253.234.221","Mozilla/5.0 (Windows NT 10.0; Win64; x64) AppleWebKit/537.36 (KHTML, like Gecko) Chrome/144.0.0.0 Safari/537.36","https://mafu6gptoz-dl7ezvezuq-uk.a.run.app/","/","Wed Mar 11 2026 04:03:51 GMT-0400 (Eastern Daylight Time)",,,
"3930012","172.253.216.51","Mozilla/5.0 (Windows NT 10.0; Win64; x64) AppleWebKit/537.36 (KHTML, like Gecko) Chrome/144.0.0.0 Safari/537.36","https://mafu6gptoz-dl7ezvezuq-uk.a.run.app/","/","Wed Mar 11 2026 04:03:52 GMT-0400 (Eastern Daylight Time)",,,
"3930014","172.253.216.50","Mozilla/5.0 (Windows NT 10.0; Win64; x64) AppleWebKit/537.36 (KHTML, like Gecko) Chrome/144.0.0.0 Safari/537.36","https://abfimydrph-6rt2uxgreq-uk.a.run.app/","/","Wed Mar 11 2026 04:08:17 GMT-0400 (Eastern Daylight Time)",,,
"3930015","173.194.92.212","Mozilla/5.0 (Windows NT 10.0; Win64; x64) AppleWebKit/537.36 (KHTML, like Gecko) Chrome/144.0.0.0 Safari/537.36","https://abfimydrph-6rt2uxgreq-uk.a.run.app/","/","Wed Mar 11 2026 04:08:17 GMT-0400 (Eastern Daylight Time)",,,
"3960002","172.253.216.57","Mozilla/5.0 (Windows NT 10.0; Win64; x64) AppleWebKit/537.36 (KHTML, like Gecko) Chrome/145.0.0.0 Safari/537.36","https://y4mlrlgecm-i6ei5svo7a-uk.a.run.app/","/","Wed Mar 11 2026 04:27:06 GMT-0400 (Eastern Daylight Time)",,,
"3960003","173.194.92.182","Mozilla/5.0 (Windows NT 10.0; Win64; x64) AppleWebKit/537.36 (KHTML, like Gecko) Chrome/145.0.0.0 Safari/537.36","https://y4mlrlgecm-i6ei5svo7a-uk.a.run.app/","/","Wed Mar 11 2026 04:27:06 GMT-0400 (Eastern Daylight Time)",,,
"3960005","172.253.234.213","Mozilla/5.0 (Windows NT 10.0; Win64; x64) AppleWebKit/537.36 (KHTML, like Gecko) Chrome/144.0.0.0 Safari/537.36","https://ro5osefxab-ggkhnxpwwq-uk.a.run.app/","/","Wed Mar 11 2026 04:37:28 GMT-0400 (Eastern Daylight Time)",,,
"3960006","173.194.92.208","Mozilla/5.0 (Windows NT 10.0; Win64; x64) AppleWebKit/537.36 (KHTML, like Gecko) Chrome/144.0.0.0 Safari/537.36","https://ro5osefxab-ggkhnxpwwq-uk.a.run.app/","/","Wed Mar 11 2026 04:37:28 GMT-0400 (Eastern Daylight Time)",,,
"3960008","172.253.216.58","Mozilla/5.0 (Windows NT 10.0; Win64; x64) AppleWebKit/537.36 (KHTML, like Gecko) Chrome/144.0.0.0 Safari/537.36","https://xnhwlysigt-de4gzg2ttq-uk.a.run.app/","/","Wed Mar 11 2026 04:57:25 GMT-0400 (Eastern Daylight Time)",,,
"3960009","172.253.234.254","Mozilla/5.0 (Windows NT 10.0; Win64; x64) AppleWebKit/537.36 (KHTML, like Gecko) Chrome/144.0.0.0 Safari/537.36","https://xnhwlysigt-de4gzg2ttq-uk.a.run.app/","/","Wed Mar 11 2026 04:57:25 GMT-0400 (Eastern Daylight Time)",,,
"3960011","172.253.216.63","Mozilla/5.0 (Windows NT 10.0; Win64; x64) AppleWebKit/537.36 (KHTML, like Gecko) Chrome/144.0.0.0 Safari/537.36","https://sni7k6af3t-d4iw5b7oia-uk.a.run.app/","/","Wed Mar 11 2026 05:12:32 GMT-0400 (Eastern Daylight Time)",,,
"3960012","173.194.92.183","Mozilla/5.0 (Windows NT 10.0; Win64; x64) AppleWebKit/537.36 (KHTML, like Gecko) Chrome/144.0.0.0 Safari/537.36","https://sni7k6af3t-d4iw5b7oia-uk.a.run.app/","/","Wed Mar 11 2026 05:12:32 GMT-0400 (Eastern Daylight Time)",,,
"3960014","172.253.216.57","Mozilla/5.0 (Windows NT 10.0; Win64; x64) AppleWebKit/537.36 (KHTML, like Gecko) Chrome/144.0.0.0 Safari/537.36","https://vlxecsaedo-v6svyz4d4a-uk.a.run.app/","/","Wed Mar 11 2026 05:30:09 GMT-0400 (Eastern Daylight Time)",,,
"3960015","172.253.234.214","Mozilla/5.0 (Windows NT 10.0; Win64; x64) AppleWebKit/537.36 (KHTML, like Gecko) Chrome/145.0.0.0 Safari/537.36","https://vlxecsaedo-v6svyz4d4a-uk.a.run.app/","/","Wed Mar 11 2026 05:30:09 GMT-0400 (Eastern Daylight Time)",,,
"3960022","172.253.234.213","Mozilla/5.0 (Windows NT 10.0; Win64; x64) AppleWebKit/537.36 (KHTML, like Gecko) Chrome/144.0.0.0 Safari/537.36","https://qlwcsctj7q-cwayckgmya-uk.a.run.app/","/","Wed Mar 11 2026 05:46:59 GMT-0400 (Eastern Daylight Time)",,,
"3960023","172.253.234.216","Mozilla/5.0 (Windows NT 10.0; Win64; x64) AppleWebKit/537.36 (KHTML, like Gecko) Chrome/145.0.0.0 Safari/537.36","https://qlwcsctj7q-cwayckgmya-uk.a.run.app/","/","Wed Mar 11 2026 05:46:59 GMT-0400 (Eastern Daylight Time)",,,
"3960025","172.253.216.49","Mozilla/5.0 (Windows NT 10.0; Win64; x64) AppleWebKit/537.36 (KHTML, like Gecko) Chrome/144.0.0.0 Safari/537.36","https://dnxieygtwc-ptp7qr3qcq-uk.a.run.app/","/","Wed Mar 11 2026 05:56:58 GMT-0400 (Eastern Daylight Time)",,,
"3960026","172.253.234.251","Mozilla/5.0 (Windows NT 10.0; Win64; x64) AppleWebKit/537.36 (KHTML, like Gecko) Chrome/144.0.0.0 Safari/537.36","https://dnxieygtwc-ptp7qr3qcq-uk.a.run.app/","/","Wed Mar 11 2026 05:56:58 GMT-0400 (Eastern Daylight Time)",,,
"3960030","172.253.234.253","Mozilla/5.0 (Windows NT 10.0; Win64; x64) AppleWebKit/537.36 (KHTML, like Gecko) Chrome/145.0.0.0 Safari/537.36","https://iq2okxyr57-mbejyk2uiq-uk.a.run.app/","/","Wed Mar 11 2026 06:14:33 GMT-0400 (Eastern Daylight Time)",,,
"3960031","173.194.92.208","Mozilla/5.0 (Windows NT 10.0; Win64; x64) AppleWebKit/537.36 (KHTML, like Gecko) Chrome/140.0.0.0 Safari/537.36","https://iq2okxyr57-mbejyk2uiq-uk.a.run.app/","/","Wed Mar 11 2026 06:14:33 GMT-0400 (Eastern Daylight Time)",,,
"3960032","172.253.234.254","Mozilla/5.0 (Windows NT 10.0; Win64; x64) AppleWebKit/537.36 (KHTML, like Gecko) Chrome/116.0.0.0 Safari/537.36","https://vjo4xl2zz4-fcroclcwiq-uk.a.run.app/","/","Wed Mar 11 2026 06:23:29 GMT-0400 (Eastern Daylight Time)",,,
"3960033","172.253.192.247","Mozilla/5.0 (Windows NT 10.0; Win64; x64) AppleWebKit/537.36 (KHTML, like Gecko) Chrome/143.0.0.0 Safari/537.36","https://vjo4xl2zz4-fcroclcwiq-uk.a.run.app/","/","Wed Mar 11 2026 06:23:29 GMT-0400 (Eastern Daylight Time)",,,
"3960037","172.253.192.127","Mozilla/5.0 (Windows NT 10.0; Win64; x64) AppleWebKit/537.36 (KHTML, like Gecko) Chrome/145.0.0.0 Safari/537.36","https://whht2xn2lq-7tn6w5fnxa-uk.a.run.app/","/","Wed Mar 11 2026 06:40:48 GMT-0400 (Eastern Daylight Time)",,,
"3960038","173.194.92.179","Mozilla/5.0 (Windows NT 10.0; Win64; x64) AppleWebKit/537.36 (KHTML, like Gecko) Chrome/144.0.0.0 Safari/537.36","https://whht2xn2lq-7tn6w5fnxa-uk.a.run.app/","/","Wed Mar 11 2026 06:40:48 GMT-0400 (Eastern Daylight Time)",,,
"3960042","172.253.234.213","Mozilla/5.0 (Windows NT 10.0; Win64; x64) AppleWebKit/537.36 (KHTML, like Gecko) Chrome/145.0.0.0 Safari/537.36","https://h7syyiomgp-m5fctni3ba-uk.a.run.app/","/","Wed Mar 11 2026 06:53:49 GMT-0400 (Eastern Daylight Time)",,,
"3960043","173.194.92.179","Mozilla/5.0 (Windows NT 10.0; Win64; x64) AppleWebKit/537.36 (KHTML, like Gecko) Chrome/145.0.0.0 Safari/537.36","https://h7syyiomgp-m5fctni3ba-uk.a.run.app/","/","Wed Mar 11 2026 06:53:49 GMT-0400 (Eastern Daylight Time)",,,
"3960047","172.253.15.229","Mozilla/5.0 (Windows NT 10.0; Win64; x64) AppleWebKit/537.36 (KHTML, like Gecko) Chrome/145.0.0.0 Safari/537.36","https://ha5wew5xfa-xknsza33fq-uk.a.run.app/","/","Wed Mar 11 2026 07:04:04 GMT-0400 (Eastern Daylight Time)",,,
"3960048","173.194.92.184","Mozilla/5.0 (Windows NT 10.0; Win64; x64) AppleWebKit/537.36 (KHTML, like Gecko) Chrome/144.0.0.0 Safari/537.36","https://ha5wew5xfa-xknsza33fq-uk.a.run.app/","/","Wed Mar 11 2026 07:04:04 GMT-0400 (Eastern Daylight Time)",,,
"3960050","173.194.92.208","Mozilla/5.0 (Windows NT 10.0; Win64; x64) AppleWebKit/537.36 (KHTML, like Gecko) Chrome/144.0.0.0 Safari/537.36","https://xmtvq4yha5-2l7rcafn4q-uk.a.run.app/","/","Wed Mar 11 2026 07:53:56 GMT-0400 (Eastern Daylight Time)",,,
"3960051","173.194.92.184","Mozilla/5.0 (Windows NT 10.0; Win64; x64) AppleWebKit/537.36 (KHTML, like Gecko) Chrome/143.0.0.0 Safari/537.36","https://xmtvq4yha5-2l7rcafn4q-uk.a.run.app/","/","Wed Mar 11 2026 07:53:56 GMT-0400 (Eastern Daylight Time)",,,
"3960056","172.253.216.61","Mozilla/5.0 (Windows NT 10.0; Win64; x64) AppleWebKit/537.36 (KHTML, like Gecko) Chrome/143.0.0.0 Safari/537.36","https://hua5wbcxy5-pez4c26l4a-uk.a.run.app/","/","Wed Mar 11 2026 08:12:13 GMT-0400 (Eastern Daylight Time)",,,
"3960057","172.253.216.61","Mozilla/5.0 (Windows NT 10.0; Win64; x64) AppleWebKit/537.36 (KHTML, like Gecko) Chrome/144.0.0.0 Safari/537.36","https://hua5wbcxy5-pez4c26l4a-uk.a.run.app/","/","Wed Mar 11 2026 08:12:13 GMT-0400 (Eastern Daylight Time)",,,
"3960060","172.253.234.210","Mozilla/5.0 (Windows NT 10.0; Win64; x64) AppleWebKit/537.36 (KHTML, like Gecko) Chrome/145.0.0.0 Safari/537.36","https://uheexnu5mt-2l7rcafn4q-uk.a.run.app/","/","Wed Mar 11 2026 08:19:58 GMT-0400 (Eastern Daylight Time)",,,
"3960061","172.253.192.242","Mozilla/5.0 (Windows NT 10.0; Win64; x64) AppleWebKit/537.36 (KHTML, like Gecko) Chrome/145.0.0.0 Safari/537.36","https://uheexnu5mt-2l7rcafn4q-uk.a.run.app/","/","Wed Mar 11 2026 08:19:58 GMT-0400 (Eastern Daylight Time)",,,
"3960064","172.253.234.253","Mozilla/5.0 (Windows NT 10.0; Win64; x64) AppleWebKit/537.36 (KHTML, like Gecko) Chrome/64.0.3282.140 Safari/537.36 Edge/18.17763","https://dhfeqi3aof-hqephim7ma-uk.a.run.app/","/","Wed Mar 11 2026 08:25:16 GMT-0400 (Eastern Daylight Time)",,,
"3960065","173.194.92.182","Mozilla/5.0 (Windows NT 10.0; Win64; x64) AppleWebKit/537.36 (KHTML, like Gecko) Chrome/144.0.0.0 Safari/537.36","https://dhfeqi3aof-hqephim7ma-uk.a.run.app/","/","Wed Mar 11 2026 08:25:16 GMT-0400 (Eastern Daylight Time)",,,
"3960069","172.253.234.253","Mozilla/5.0 (Windows NT 10.0; Win64; x64) AppleWebKit/537.36 (KHTML, like Gecko) Chrome/144.0.0.0 Safari/537.36","https://vfnqnqrw3t-he67k767wa-uk.a.run.app/","/","Wed Mar 11 2026 08:33:45 GMT-0400 (Eastern Daylight Time)",,,
"3960070","172.253.216.61","Mozilla/5.0 (Windows NT 10.0; Win64; x64) AppleWebKit/537.36 (KHTML, like Gecko) Chrome/143.0.0.0 Safari/537.36","https://vfnqnqrw3t-he67k767wa-uk.a.run.app/","/","Wed Mar 11 2026 08:33:45 GMT-0400 (Eastern Daylight Time)",,,
"3960073","172.253.216.63","Mozilla/5.0 (Windows NT 10.0; Win64; x64) AppleWebKit/537.36 (KHTML, like Gecko) Chrome/133.0.0.0 Safari/537.36","https://ybi6zjrdl2-iqbojyv5ea-uk.a.run.app/","/","Wed Mar 11 2026 08:43:19 GMT-0400 (Eastern Daylight Time)",,,
"3960074","173.194.92.182","Mozilla/5.0 (Windows NT 10.0; Win64; x64) AppleWebKit/537.36 (KHTML, like Gecko) Chrome/141.0.0.0 Safari/537.36","https://ybi6zjrdl2-iqbojyv5ea-uk.a.run.app/","/","Wed Mar 11 2026 08:43:19 GMT-0400 (Eastern Daylight Time)",,,
"3960078","172.253.192.115","Mozilla/5.0 (Windows NT 10.0; Win64; x64) AppleWebKit/537.36 (KHTML, like Gecko) Chrome/145.0.0.0 Safari/537.36","https://mav3vqzuey-hqephim7ma-uk.a.run.app/","/","Wed Mar 11 2026 08:48:46 GMT-0400 (Eastern Daylight Time)",,,
"3960079","173.194.92.213","Mozilla/5.0 (Windows NT 10.0; Win64; x64) AppleWebKit/537.36 (KHTML, like Gecko) Chrome/143.0.0.0 Safari/537.36","https://mav3vqzuey-hqephim7ma-uk.a.run.app/","/","Wed Mar 11 2026 08:48:46 GMT-0400 (Eastern Daylight Time)",,,
"3990004","172.253.15.234","Mozilla/5.0 (Windows NT 10.0; Win64; x64) AppleWebKit/537.36 (KHTML, like Gecko) Chrome/144.0.0.0 Safari/537.36","https://iwsui6cu6q-5jow67nema-uk.a.run.app/","/","Wed Mar 11 2026 09:17:53 GMT-0400 (Eastern Daylight Time)",,,
"3990005","172.253.192.125","Mozilla/5.0 (Windows NT 10.0; Win64; x64) AppleWebKit/537.36 (KHTML, like Gecko) Chrome/145.0.0.0 Safari/537.36","https://iwsui6cu6q-5jow67nema-uk.a.run.app/","/","Wed Mar 11 2026 09:17:53 GMT-0400 (Eastern Daylight Time)",,,
"3990009","172.253.15.232","Mozilla/5.0 (Windows NT 10.0; Win64; x64) AppleWebKit/537.36 (KHTML, like Gecko) Chrome/144.0.0.0 Safari/537.36","https://ghoxz62y4r-rgoneyhdvq-uk.a.run.app/","/","Wed Mar 11 2026 09:23:43 GMT-0400 (Eastern Daylight Time)",,,
"3990010","173.194.92.177","Mozilla/5.0 (Windows NT 10.0; Win64; x64) AppleWebKit/537.36 (KHTML, like Gecko) Chrome/144.0.0.0 Safari/537.36","https://ghoxz62y4r-rgoneyhdvq-uk.a.run.app/","/","Wed Mar 11 2026 09:23:44 GMT-0400 (Eastern Daylight Time)",,,
"3990013","173.194.92.208","Mozilla/5.0 (Windows NT 10.0; Win64; x64) AppleWebKit/537.36 (KHTML, like Gecko) Chrome/133.0.0.0 Safari/537.36","https://dwyaaswya5-3k4iiaayhq-uk.a.run.app/","/","Wed Mar 11 2026 09:30:00 GMT-0400 (Eastern Daylight Time)",,,
"3990014","172.253.216.50","Mozilla/5.0 (Windows NT 10.0; Win64; x64) AppleWebKit/537.36 (KHTML, like Gecko) Chrome/144.0.0.0 Safari/537.36","https://dwyaaswya5-3k4iiaayhq-uk.a.run.app/","/","Wed Mar 11 2026 09:30:00 GMT-0400 (Eastern Daylight Time)",,,
"3990017","172.253.216.52","Mozilla/5.0 (Windows NT 10.0; Win64; x64) AppleWebKit/537.36 (KHTML, like Gecko) Chrome/142.0.0.0 Safari/537.36","https://gaivrs7irj-ufykbmhe5q-uk.a.run.app/","/","Wed Mar 11 2026 09:34:30 GMT-0400 (Eastern Daylight Time)",,,
"3990018","172.253.192.114","Mozilla/5.0 (Windows NT 10.0; Win64; x64) AppleWebKit/537.36 (KHTML, like Gecko) Chrome/141.0.0.0 Safari/537.36","https://gaivrs7irj-ufykbmhe5q-uk.a.run.app/","/","Wed Mar 11 2026 09:34:30 GMT-0400 (Eastern Daylight Time)",,,
"3990021","173.194.92.184","Mozilla/5.0 (Windows NT 10.0; Win64; x64) AppleWebKit/537.36 (KHTML, like Gecko) Chrome/144.0.0.0 Safari/537.36","https://eeyan26vo4-iveqj6s73a-uk.a.run.app/","/","Wed Mar 11 2026 09:56:35 GMT-0400 (Eastern Daylight Time)",,,
"3990022","173.194.92.181","Mozilla/5.0 (Windows NT 10.0; Win64; x64) AppleWebKit/537.36 (KHTML, like Gecko) Chrome/145.0.0.0 Safari/537.36","https://eeyan26vo4-iveqj6s73a-uk.a.run.app/","/","Wed Mar 11 2026 09:56:35 GMT-0400 (Eastern Daylight Time)",,,
"3990030","172.253.192.117","Mozilla/5.0 (Windows NT 10.0; Win64; x64) AppleWebKit/537.36 (KHTML, like Gecko) Chrome/144.0.7559.97 Spotify/1.2.83.461 Safari/537.36","https://qjgg5l5xrr-cwayckgmya-uk.a.run.app/","/","Wed Mar 11 2026 10:14:24 GMT-0400 (Eastern Daylight Time)",,,
"3990031","172.253.234.215","Mozilla/5.0 (Windows NT 10.0; Win64; x64) AppleWebKit/537.36 (KHTML, like Gecko) Chrome/144.0.0.0 Safari/537.36","https://qjgg5l5xrr-cwayckgmya-uk.a.run.app/","/","Wed Mar 11 2026 10:14:24 GMT-0400 (Eastern Daylight Time)",,,
"4020003","172.253.216.49","Mozilla/5.0 (Windows NT 10.0; Win64; x64) AppleWebKit/537.36 (KHTML, like Gecko) Chrome/145.0.0.0 Safari/537.36","https://qtf55h5ste-rgoneyhdvq-uk.a.run.app/","/","Wed Mar 11 2026 10:50:02 GMT-0400 (Eastern Daylight Time)",,,
"4020004","173.194.92.176","Mozilla/5.0 (Windows NT 10.0; Win64; x64) AppleWebKit/537.36 (KHTML, like Gecko) Chrome/144.0.0.0 Safari/537.36","https://qtf55h5ste-rgoneyhdvq-uk.a.run.app/","/","Wed Mar 11 2026 10:50:03 GMT-0400 (Eastern Daylight Time)",,,
"4050019","172.253.216.54","Mozilla/5.0 (Windows NT 10.0; Win64; x64) AppleWebKit/537.36 (KHTML, like Gecko) Chrome/143.0.0.0 Safari/537.36","https://lgpfzsl5wb-iewhfqc4ua-uk.a.run.app/","/","Wed Mar 11 2026 12:04:39 GMT-0400 (Eastern Daylight Time)",,,
"4050020","173.194.92.179","Mozilla/5.0 (Windows NT 10.0; Win64; x64) AppleWebKit/537.36 (KHTML, like Gecko) Chrome/144.0.0.0 Safari/537.36","https://lgpfzsl5wb-iewhfqc4ua-uk.a.run.app/","/","Wed Mar 11 2026 12:04:40 GMT-0400 (Eastern Daylight Time)",,,
"4050022","172.253.234.254","Mozilla/5.0 (Windows NT 10.0; Win64; x64) AppleWebKit/537.36 (KHTML, like Gecko) Chrome/145.0.0.0 Safari/537.36","https://fej4jheldz-dl7ezvezuq-uk.a.run.app/","/","Wed Mar 11 2026 12:10:13 GMT-0400 (Eastern Daylight Time)",,,
"4050023","172.253.216.50","Mozilla/5.0 (Windows NT 10.0; Win64; x64) AppleWebKit/537.36 (KHTML, like Gecko) Chrome/145.0.0.0 Safari/537.36","https://fej4jheldz-dl7ezvezuq-uk.a.run.app/","/","Wed Mar 11 2026 12:10:14 GMT-0400 (Eastern Daylight Time)",,,
"4050025","74.125.184.190","Mozilla/5.0 (Windows NT 10.0; Win64; x64) AppleWebKit/537.36 (KHTML, like Gecko) Chrome/145.0.0.0 Safari/537.36","https://hgbml4gzae-lqvcsk2yba-uk.a.run.app/","/","Wed Mar 11 2026 12:23:26 GMT-0400 (Eastern Daylight Time)",,,
"4050026","172.253.7.126","Mozilla/5.0 (Windows NT 10.0; Win64; x64) AppleWebKit/537.36 (KHTML, like Gecko) Chrome/145.0.0.0 Safari/537.36","https://hgbml4gzae-lqvcsk2yba-uk.a.run.app/","/","Wed Mar 11 2026 12:23:27 GMT-0400 (Eastern Daylight Time)",,,
"4050028","172.253.234.250","Mozilla/5.0 (Windows NT 10.0; Win64; x64) AppleWebKit/537.36 (KHTML, like Gecko) Chrome/145.0.0.0 Safari/537.36","https://eyzixo2v5p-lg22cvoe5q-uk.a.run.app/","/","Wed Mar 11 2026 12:31:48 GMT-0400 (Eastern Daylight Time)",,,
"4050029","172.253.192.248","Mozilla/5.0 (Windows NT 10.0; Win64; x64) AppleWebKit/537.36 (KHTML, like Gecko) Chrome/144.0.0.0 Safari/537.36","https://eyzixo2v5p-lg22cvoe5q-uk.a.run.app/","/","Wed Mar 11 2026 12:31:48 GMT-0400 (Eastern Daylight Time)",,,
"4050030","173.194.92.181","Mozilla/5.0 (Windows NT 10.0; Win64; x64) AppleWebKit/537.36 (KHTML, like Gecko) Chrome/145.0.0.0 Safari/537.36","https://ierbvg37ey-mriwb4vhrq-uk.a.run.app/","/","Wed Mar 11 2026 12:35:18 GMT-0400 (Eastern Daylight Time)",,,
"4050031","173.194.92.177","Mozilla/5.0 (Windows NT 10.0; Win64; x64) AppleWebKit/537.36 (KHTML, like Gecko) Chrome/144.0.0.0 Safari/537.36","https://ierbvg37ey-mriwb4vhrq-uk.a.run.app/","/","Wed Mar 11 2026 12:35:18 GMT-0400 (Eastern Daylight Time)",,,
"4050033","172.253.192.245","Mozilla/5.0 (Windows NT 10.0; Win64; x64) AppleWebKit/537.36 (KHTML, like Gecko) Chrome/144.0.0.0 Safari/537.36","https://gbq2ugf2pn-m5fctni3ba-uk.a.run.app/","/","Wed Mar 11 2026 12:42:40 GMT-0400 (Eastern Daylight Time)",,,
"4050034","173.194.92.182","Mozilla/5.0 (Windows NT 10.0; Win64; x64) AppleWebKit/537.36 (KHTML, like Gecko) Chrome/145.0.0.0 Safari/537.36","https://gbq2ugf2pn-m5fctni3ba-uk.a.run.app/","/","Wed Mar 11 2026 12:42:40 GMT-0400 (Eastern Daylight Time)",,,
"4050036","172.253.15.235","Mozilla/5.0 (Windows NT 10.0; Win64; x64) AppleWebKit/537.36 (KHTML, like Gecko) Chrome/143.0.0.0 Safari/537.36","https://ysdgpzlbum-fk7lza2r5q-uk.a.run.app/","/","Wed Mar 11 2026 12:51:32 GMT-0400 (Eastern Daylight Time)",,,
"4050037","172.253.192.117","Mozilla/5.0 (Windows NT 10.0; Win64; x64) AppleWebKit/537.36 (KHTML, like Gecko) Chrome/145.0.0.0 Safari/537.36","https://ysdgpzlbum-fk7lza2r5q-uk.a.run.app/","/","Wed Mar 11 2026 12:51:32 GMT-0400 (Eastern Daylight Time)",,,
"4080003","172.253.15.226","Mozilla/5.0 (Windows NT 10.0; Win64; x64) AppleWebKit/537.36 (KHTML, like Gecko) Chrome/64.0.3282.140 Safari/537.36 Edge/18.17763","https://s3texxkoue-6rt2uxgreq-uk.a.run.app/","/","Wed Mar 11 2026 14:05:28 GMT-0400 (Eastern Daylight Time)",,,
"4080004","172.253.234.216","Mozilla/5.0 (Windows NT 10.0; Win64; x64) AppleWebKit/537.36 (KHTML, like Gecko) Chrome/144.0.0.0 Safari/537.36","https://s3texxkoue-6rt2uxgreq-uk.a.run.app/","/","Wed Mar 11 2026 14:05:28 GMT-0400 (Eastern Daylight Time)",,,
"4080005","74.125.184.191","Mozilla/5.0 (Windows NT 10.0; Win64; x64) AppleWebKit/537.36 (KHTML, like Gecko) Chrome/145.0.0.0 Safari/537.36","https://qsnkjidwrs-a2ikfpaixa-uk.a.run.app/","/","Wed Mar 11 2026 14:10:50 GMT-0400 (Eastern Daylight Time)",,,
"4080006","74.125.19.33","Mozilla/5.0 (Windows NT 10.0; Win64; x64) AppleWebKit/537.36 (KHTML, like Gecko) Chrome/144.0.0.0 Safari/537.36","https://qsnkjidwrs-a2ikfpaixa-uk.a.run.app/","/","Wed Mar 11 2026 14:10:50 GMT-0400 (Eastern Daylight Time)",,,
"4080009","172.253.7.112","Mozilla/5.0 (Windows NT 10.0; Win64; x64) AppleWebKit/537.36 (KHTML, like Gecko) Chrome/145.0.0.0 Safari/537.36","https://c3rbfecl6g-fwkqbijbsa-uk.a.run.app/","/","Wed Mar 11 2026 14:18:15 GMT-0400 (Eastern Daylight Time)",,,
"4080010","173.194.92.208","Mozilla/5.0 (Windows NT 10.0; Win64; x64) AppleWebKit/537.36 (KHTML, like Gecko) Chrome/145.0.0.0 Safari/537.36","https://c3rbfecl6g-fwkqbijbsa-uk.a.run.app/","/","Wed Mar 11 2026 14:18:15 GMT-0400 (Eastern Daylight Time)",,,
"4080024","173.194.92.181","Mozilla/5.0 (Windows NT 10.0; Win64; x64) AppleWebKit/537.36 (KHTML, like Gecko) Chrome/144.0.0.0 Safari/537.36","https://cf4qxmqcbw-rpy23trojq-uk.a.run.app/","/","Wed Mar 11 2026 14:37:53 GMT-0400 (Eastern Daylight Time)",,,
"4080025","172.253.15.228","Mozilla/5.0 (Windows NT 10.0; Win64; x64) AppleWebKit/537.36 (KHTML, like Gecko) Chrome/144.0.0.0 Safari/537.36","https://cf4qxmqcbw-rpy23trojq-uk.a.run.app/","/","Wed Mar 11 2026 14:37:57 GMT-0400 (Eastern Daylight Time)",,,
"4080028","74.125.184.189","Mozilla/5.0 (Windows NT 10.0; Win64; x64) AppleWebKit/537.36 (KHTML, like Gecko) Chrome/145.0.0.0 Safari/537.36","https://dudjd2stcy-rjuxm7nz6a-uk.a.run.app/","/","Wed Mar 11 2026 14:44:54 GMT-0400 (Eastern Daylight Time)",,,
"4080029","172.253.234.221","Mozilla/5.0 (Windows NT 10.0; Win64; x64) AppleWebKit/537.36 (KHTML, like Gecko) Chrome/144.0.0.0 Safari/537.36","https://dudjd2stcy-rjuxm7nz6a-uk.a.run.app/","/","Wed Mar 11 2026 14:44:54 GMT-0400 (Eastern Daylight Time)",,,
"4080049","172.253.15.228","Mozilla/5.0 (Windows NT 10.0; Win64; x64) AppleWebKit/537.36 (KHTML, like Gecko) Chrome/145.0.0.0 Safari/537.36","https://d5dsatvovs-l4fgpihgpa-uk.a.run.app/","/","Wed Mar 11 2026 14:59:03 GMT-0400 (Eastern Daylight Time)",,,
"4080050","173.194.92.181","Mozilla/5.0 (Windows NT 10.0; Win64; x64) AppleWebKit/537.36 (KHTML, like Gecko) Chrome/142.0.0.0 Safari/537.36","https://d5dsatvovs-l4fgpihgpa-uk.a.run.app/","/","Wed Mar 11 2026 14:59:03 GMT-0400 (Eastern Daylight Time)",,,
"4080052","172.253.15.227","Mozilla/5.0 (Windows NT 10.0; Win64; x64) AppleWebKit/537.36 (KHTML, like Gecko) Chrome/144.0.7559.97 Spotify/1.2.83.461 Safari/537.36","https://hfqrwqak7o-ifsgxbqibq-uk.a.run.app/","/","Wed Mar 11 2026 15:11:49 GMT-0400 (Eastern Daylight Time)",,,
"4080053","172.253.234.221","Mozilla/5.0 (Windows NT 10.0; Win64; x64) AppleWebKit/537.36 (KHTML, like Gecko) Chrome/145.0.0.0 Safari/537.36","https://hfqrwqak7o-ifsgxbqibq-uk.a.run.app/","/","Wed Mar 11 2026 15:11:49 GMT-0400 (Eastern Daylight Time)",,,
"4260003","173.194.92.188","Mozilla/5.0 (Windows NT 10.0; Win64; x64) AppleWebKit/537.36 (KHTML, like Gecko) Chrome/145.0.0.0 Safari/537.36","https://gmnlohnae2-qu7zbzb6ga-uk.a.run.app/","/","Thu Mar 12 2026 03:36:46 GMT-0400 (Eastern Daylight Time)",,,
"4260007","172.253.7.118","Mozilla/5.0 (Windows NT 10.0; Win64; x64) AppleWebKit/537.36 (KHTML, like Gecko) Chrome/145.0.0.0 Safari/537.36","https://anxgfi7s4o-xabqixhjrq-uk.a.run.app/","/","Thu Mar 12 2026 03:50:33 GMT-0400 (Eastern Daylight Time)",,,
"4260008","172.253.192.250","Mozilla/5.0 (Windows NT 10.0; Win64; x64) AppleWebKit/537.36 (KHTML, like Gecko) Chrome/145.0.0.0 Safari/537.36","https://anxgfi7s4o-xabqixhjrq-uk.a.run.app/","/","Thu Mar 12 2026 03:50:33 GMT-0400 (Eastern Daylight Time)",,,
"4320001","172.253.192.251","Mozilla/5.0 (Windows NT 10.0; Win64; x64) AppleWebKit/537.36 (KHTML, like Gecko) Chrome/145.0.0.0 Safari/537.36","https://u22n6xvyu4-flcve4dqza-uk.a.run.app/","/","Thu Mar 12 2026 06:24:01 GMT-0400 (Eastern Daylight Time)",,,
"4320002","173.194.92.182","Mozilla/5.0 (Windows NT 10.0; Win64; x64) AppleWebKit/537.36 (KHTML, like Gecko) Chrome/144.0.0.0 Safari/537.36","https://u22n6xvyu4-flcve4dqza-uk.a.run.app/","/","Thu Mar 12 2026 06:24:01 GMT-0400 (Eastern Daylight Time)",,,
"4320003","47.129.116.99","Mozilla/5.0 (Macintosh; Intel Mac OS X 10_15_7) AppleWebKit/537.36 (KHTML, like Gecko) Chrome/132.0.0.0 Safari/537.36; Manus-User/1.0","https://3000-idt0iq8mkwgkubfe2krzp-a08720ca.sg1.manus.computer/admin","/admin","Thu Mar 12 2026 06:32:42 GMT-0400 (Eastern Daylight Time)",,,